Vadim_0,10
Alexey_0,10
Julia_0,10
Vadim_1,11
Alexey_1,11
Julia_1,11
Vadim_2,12
Alexey_2,12
Julia_2,12
Vadim_3,13
Alexey_3,13
Julia_3,13
Vadim_4,14
Alexey_4,14
Julia_4,14
Vadim_5,15
Alexey_5,15
Julia_5,15
Vadim_6,16
Alexey_6,16
Julia_6,16
Vadim_7,17
Alexey_7,17
Julia_7,17
Vadim_8,18
Alexey_8,18
Julia_8,18
Vadim_9,19
Alexey_9,19
Julia_9,19
Vadim_10,20
Alexey_10,20
Julia_10,20
Vadim_11,21
Alexey_11,21
Julia_11,21
Vadim_12,22
Alexey_12,22
Julia_12,22
Vadim_13,23
Alexey_13,23
Julia_13,23
Vadim_14,24
Alexey_14,24
Julia_14,24
Vadim_15,25
Alexey_15,25
Julia_15,25
Vadim_16,26
Alexey_16,26
Julia_16,26
Vadim_17,27
Alexey_17,27
Julia_17,27
Vadim_18,28
Alexey_18,28
Julia_18,28
Vadim_19,29
Alexey_19,29
Julia_19,29
Vadim_20,30
Alexey_20,30
Julia_20,30
Vadim_21,31
Alexey_21,31
Julia_21,31
Vadim_22,32
Alexey_22,32
Julia_22,32
Vadim_23,33
Alexey_23,33
Julia_23,33
Vadim_24,34
Alexey_24,34
Julia_24,34
Vadim_25,35
Alexey_25,35
Julia_25,35
Vadim_26,36
Alexey_26,36
Julia_26,36
Vadim_27,37
Alexey_27,37
Julia_27,37
Vadim_28,38
Alexey_28,38
Julia_28,38
Vadim_29,39
Alexey_29,39
Julia_29,39
Vadim_30,40
Alexey_30,40
Julia_30,40
Vadim_31,41
Alexey_31,41
Julia_31,41
Vadim_32,42
Alexey_32,42
Julia_32,42
Vadim_33,43
Alexey_33,43
Julia_33,43
Vadim_34,44
Alexey_34,44
Julia_34,44
Vadim_35,45
Alexey_35,45
Julia_35,45
Vadim_36,46
Alexey_36,46
Julia_36,46
Vadim_37,47
Alexey_37,47
Julia_37,47
Vadim_38,48
Alexey_38,48
Julia_38,48
Vadim_39,49
Alexey_39,49
Julia_39,49
Vadim_40,50
Alexey_40,50
Julia_40,50
Vadim_41,51
Alexey_41,51
Julia_41,51
Vadim_42,52
Alexey_42,52
Julia_42,52
Vadim_43,53
Alexey_43,53
Julia_43,53
Vadim_44,54
Alexey_44,54
Julia_44,54
Vadim_45,55
Alexey_45,55
Julia_45,55
Vadim_46,56
Alexey_46,56
Julia_46,56
Vadim_47,57
Alexey_47,57
Julia_47,57
Vadim_48,58
Alexey_48,58
Julia_48,58
Vadim_49,59
Alexey_49,59
Julia_49,59
Vadim_50,60
Alexey_50,60
Julia_50,60
Vadim_51,61
Alexey_51,61
Julia_51,61
Vadim_52,62
Alexey_52,62
Julia_52,62
Vadim_53,63
Alexey_53,63
Julia_53,63
Vadim_54,64
Alexey_54,64
Julia_54,64
Vadim_55,65
Alexey_55,65
Julia_55,65
Vadim_56,66
Alexey_56,66
Julia_56,66
Vadim_57,67
Alexey_57,67
Julia_57,67
Vadim_58,68
Alexey_58,68
Julia_58,68
Vadim_59,69
Alexey_59,69
Julia_59,69
Vadim_60,70
Alexey_60,70
Julia_60,70
Vadim_61,71
Alexey_61,71
Julia_61,71
Vadim_62,72
Alexey_62,72
Julia_62,72
Vadim_63,73
Alexey_63,73
Julia_63,73
Vadim_64,74
Alexey_64,74
Julia_64,74
Vadim_65,75
Alexey_65,75
Julia_65,75
Vadim_66,76
Alexey_66,76
Julia_66,76
Vadim_67,77
Alexey_67,77
Julia_67,77
Vadim_68,78
Alexey_68,78
Julia_68,78
Vadim_69,79
Alexey_69,79
Julia_69,79
Vadim_70,80
Alexey_70,80
Julia_70,80
Vadim_71,81
Alexey_71,81
Julia_71,81
Vadim_72,82
Alexey_72,82
Julia_72,82
Vadim_73,83
Alexey_73,83
Julia_73,83
Vadim_74,84
Alexey_74,84
Julia_74,84
Vadim_75,85
Alexey_75,85
Julia_75,85
Vadim_76,86
Alexey_76,86
Julia_76,86
Vadim_77,87
Alexey_77,87
Julia_77,87
Vadim_78,88
Alexey_78,88
Julia_78,88
Vadim_79,89
Alexey_79,89
Julia_79,89
Vadim_80,90
Alexey_80,90
Julia_80,90
Vadim_81,91
Alexey_81,91
Julia_81,91
Vadim_82,92
Alexey_82,92
Julia_82,92
Vadim_83,93
Alexey_83,93
Julia_83,93
Vadim_84,94
Alexey_84,94
Julia_84,94
Vadim_85,95
Alexey_85,95
Julia_85,95
Vadim_86,96
Alexey_86,96
Julia_86,96
Vadim_87,97
Alexey_87,97
Julia_87,97
Vadim_88,98
Alexey_88,98
Julia_88,98
Vadim_89,99
Alexey_89,99
Julia_89,99
Vadim_90,100
Alexey_90,100
Julia_90,100
Vadim_91,101
Alexey_91,101
Julia_91,101
Vadim_92,102
Alexey_92,102
Julia_92,102
Vadim_93,103
Alexey_93,103
Julia_93,103
Vadim_94,104
Alexey_94,104
Julia_94,104
Vadim_95,105
Alexey_95,105
Julia_95,105
Vadim_96,106
Alexey_96,106
Julia_96,106
Vadim_97,107
Alexey_97,107
Julia_97,107
Vadim_98,108
Alexey_98,108
Julia_98,108
Vadim_99,109
Alexey_99,109
Julia_99,109
Vlas,25
name,age
name,age
